ID_Cliente,Nombre_Cliente,Apellido_Cliente,Telefono,Email
1,Juan,Pérez,3109876543,juan.perez@email.com
2,Carlos,López,3201234567,carlos.lopez@email.com
3,Pedro,Gómez,3154567890,pedro.gomez@email.com
4,Luis,Ramírez,3127890123,luis.ramirez@email.com
5,Javier,Sánchez,3002345678,javier.sanchez@email.com
6,Daniel,Hernández,3015678901,daniel.hernandez@email.com
7,Felipe,Díaz,3048901234,felipe.diaz@email.com
8,Andrés,Rodríguez,3051234567,andres.rodriguez@email.com
9,Manuel,García,3024567890,manuel.garcia@email.com
10,Alejandro,Martínez,3037890123,alejandro.martinez@email.com
11,David,Flores,3062345678,david.flores@email.com
12,Gabriel,Torres,3085678901,gabriel.torres@email.com
13,María,Gómez,3108901234,maria.gomez@email.com
14,Sebastián,Castro,3151234567,sebastian.castro@email.com
15,José,Ortega,3124567890,jose.ortega@email.com
16,Ricardo,Mora,3007890123,ricardo.mora@email.com
17,Diego,Álvarez,3012345678,diego.alvarez@email.com
18,Mauricio,Vargas,3045678901,mauricio.vargas@email.com
19,Santiago,Jiménez,3058901234,santiago.jimenez@email.com
20,Arturo,Rojas,3021234567,arturo.rojas@email.com
21,Mateo,Moreno,3034567890,mateo.moreno@email.com
22,Nicolás,Navarro,3067890123,nicolas.navarro@email.com
23,Gustavo,Muñoz,3082345678,gustavo.muñoz@email.com
24,Pablo,Guzmán,3105678901,pablo.guzmán@email.com
25,Enrique,Serrano,3158901234,enrique.serrano@email.com
26,Ana,López,3121234567,ana.lopez@email.com
27,Fabio,Cárdenas,3004567890,fabio.cardenas@email.com
28,Guillermo,Correa,3017890123,guillermo.correa@email.com
29,Óscar,Fuentes,3042345678,oscar.fuentes@email.com
30,Gonzalo,Giraldo,3055678901,gonzalo.giraldo@email.com
31,Héctor,Herrera,3028901234,hector.herrera@email.com
32,Iván,Jaramillo,3031234567,ivan.jaramillo@email.com
33,Julio,León,3064567890,julio.leon@email.com
34,Kike,Manrique,3087890123,kike.manrique@email.com
35,Leonardo,Marín,3102345678,leonardo.marin@email.com
36,Mario,Mendoza,3155678901,mario.mendoza@email.com
37,Cristina,Ramírez,3128901234,cristina.ramirez@email.com
38,Miguel,Montero,3001234567,miguel.montero@email.com
39,Óliver,Montoya,3014567890,oliver.montoya@email.com
40,Patricio,Moreno,3047890123,patricio.moreno@email.com
41,Raúl,Múnera,3052345678,raul.munera@email.com
42,Simón,Ochoa,3025678901,simon.ochoa@email.com
43,Tomás,Orozco,3038901234,tomas.orozco@email.com
44,Víctor,Palacios,3061234567,victor.palacios@email.com
45,Wilson,Pardo,3084567890,wilson.pardo@email.com
46,Yair,Páez,3107890123,yair.paez@email.com
47,Adrián,Quintero,3152345678,adrian.quintero@email.com
48,Benjamín,Quiñones,3125678901,benjamin.quiñones@email.com
49,Sofía,Díaz,3008901234,sofia.diaz@email.com
50,Camilo,Reyes,3011234567,camilo.reyes@email.com
51,Cristian,Restrepo,3044567890,cristian.restrepo@email.com
52,Darío,Rico,3057890123,dario.rico@email.com
53,Eduardo,Rivera,3022345678,eduardo.rivera@email.com
54,Emilio,Ríos,3035678901,emilio.rios@email.com
55,Esteban,Rueda,3068901234,esteban.rueda@email.com
56,Fernando,Sáenz,3081234567,fernando.saenz@email.com
57,Fidel,Salgado,3104567890,fidel.salgado@email.com
58,Francisco,Silva,3157890123,francisco.silva@email.com
59,Gabriel,Tabares,3122345678,gabriel.tabares@email.com
60,Germán,Tobón,3005678901,german.tobon@email.com
61,Gladys,Vargas,3018901234,gladys.vargas@email.com
62,Hernán,Velásquez,3042345678,hernan.velasquez@email.com
63,Ignacio,Villalobos,3055678901,ignacio.villalobos@email.com
64,Jaime,Yepes,3028901234,jaime.yepes@email.com
65,Jerónimo,Zúñiga,3031234567,jeronimo.zuniga@email.com
66,Joaquín,Aguirre,3064567890,joaquin.aguirre@email.com
67,Jhon,Ariza,3087890123,jhon.ariza@email.com
68,Jorge,Barrios,3102345678,jorge.barrios@email.com
69,Juan,Barrera,3155678901,juan.barrera@email.com
70,Julian,Bermúdez,3128901234,julian.bermudez@email.com
71,Juana,Cano,3001234567,juana.cano@email.com
72,Camilo,Castañeda,3014567890,camilo.castaneda@email.com
73,Cristian,Cifuentes,3047890123,cristian.cifuentes@email.com
74,Daniel,Correa,3052345678,daniel.correa@email.com
75,David,Cuervo,3025678901,david.cuervo@email.com
76,Diego,De la Cruz,3038901234,diego.de-la-cruz@email.com
77,Eduardo,Escobar,3061234567,eduardo.escobar@email.com
78,Emilio,Espinosa,3084567890,emilio.espinosa@email.com
79,Esteban,Gómez,3107890123,esteban.gomez@email.com
80,Fernando,Guerrero,3152345678,fernando.guerrero@email.com
81,Fidel,Gutiérrez,3125678901,fidel.gutierrez@email.com
82,Francisco,Hurtado,3008901234,francisco.hurtado@email.com
83,Karina,Jaramillo,3011234567,karina.jaramillo@email.com
84,Jorge,Lozano,3044567890,jorge.lozano@email.com
85,Juan,López,3057890123,juan.lopez@email.com
86,Julian,Marín,3022345678,julian.marin@email.com
87,Marco,Méndez,3035678901,marco.mendez@email.com
88,Mario,Montoya,3068901234,mario.montoya@email.com
89,Mauricio,Muñoz,3081234567,mauricio.muñoz@email.com
90,Miguel,Narváez,3104567890,miguel.narvaez@email.com
91,Nicolás,Navarro,3157890123,nicolas.navarro@email.com
92,Óscar,Ochoa,3122345678,oscar.ochoa@email.com
93,Paola,Pérez,3005678901,paola.perez@email.com
94,Pablo,Peña,3018901234,pablo.peña@email.com
95,Pedro,Quintero,3042345678,pedro.quintero@email.com
96,Rafael,Ramírez,3055678901,rafael.ramirez@email.com
97,Ricardo,Rojas,3028901234,ricardo.rojas@email.com
98,Roberto,Ruiz,3031234567,roberto.ruiz@email.com
99,Santiago,Sánchez,3064567890,santiago.sanchez@email.com
100,Sebastián,Sierra,3087890123,sebastian.sierra@email.com
101,Sergio,Soto,3102345678,sergio.soto@email.com
102,Simón,Toro,3155678901,simon.toro@email.com
103,Tomás,Téllez,3128901234,tomas.tellez@email.com
104,Valentina,Urrego,3001234567,valentina.urrego@email.com
105,Víctor,Vásquez,3014567890,victor.vasquez@email.com
106,William,Velasco,3047890123,william.velasco@email.com
107,Wilmar,Vélez,3052345678,wilmar.velez@email.com
108,Wilson,Villalobos,3025678901,wilson.villalobos@email.com
109,Yair,Yepes,3038901234,yair.yepes@email.com
110,Yoni,Zúñiga,3061234567,yoni.zuniga@email.com
111,Adrián,Ospina,3084567890,adrian.ospina@email.com
112,Alvaro,Pabón,3107890123,alvaro.pabon@email.com
113,Camilo,Padilla,3152345678,camilo.padilla@email.com
114,Catalina,Pérez,3125678901,catalina.perez@email.com
115,Carlos,Palacios,3008901234,carlos.palacios@email.com
116,Cristian,Parra,3011234567,cristian.parra@email.com
117,Daniel,Peña,3044567890,daniel.peña@email.com
118,David,Pineda,3057890123,david.pineda@email.com
119,Diego,Quiñones,3022345678,diego.quiñones@email.com
120,Eduardo,Quintero,3035678901,eduardo.quintero@email.com
121,Emilio,Ramírez,3068901234,emilio.ramirez@email.com
122,Esteban,Rico,3081234567,esteban.rico@email.com
123,Fernando,Rivera,3104567890,fernando.rivera@email.com
124,Fidel,Rojas,3157890123,fidel.rojas@email.com
125,Gloria,Sánchez,3122345678,gloria.sanchez@email.com
126,Francisco,Serrano,3005678901,francisco.serrano@email.com
127,Gabriel,Sierra,3018901234,gabriel.sierra@email.com
128,Germán,Silva,3042345678,german.silva@email.com
129,Gustavo,Soto,3055678901,gustavo.soto@email.com
130,Guillermo,Suárez,3028901234,guillermo.suarez@email.com
131,Héctor,Tabares,3031234567,hector.tabares@email.com
132,Iván,Tobón,3064567890,ivan.tobon@email.com
133,Jaime,Toro,3087890123,jaime.toro@email.com
134,Javier,Urrego,3102345678,javier.urrego@email.com
135,Jerónimo,Vargas,3155678901,jeronimo.vargas@email.com
136,Johana,Velasco,3128901234,johana.velasco@email.com
137,José,Vélez,3001234567,jose.velez@email.com
138,Juan,Villalobos,3014567890,juan.villalobos@email.com
139,Julian,Yepes,3047890123,julian.yepes@email.com
140,Luis,Zúñiga,3052345678,luis.zuniga@email.com
141,Manuel,Arango,3025678901,manuel.arango@email.com
142,Marco,Aristizábal,3038901234,marco.aristizabal@email.com
143,Mario,Bernal,3061234567,mario.bernal@email.com
144,Mauricio,Botero,3084567890,mauricio.botero@email.com
145,Paula,Cárdenas,3107890123,paula.cardenas@email.com
146,Miguel,Cadavid,3152345678,miguel.cadavid@email.com
147,Nelson,Caicedo,3125678901,nelson.caicedo@email.com
148,Óscar,Campos,3008901234,oscar.campos@email.com
149,Pablo,Cardona,3011234567,pablo.cardona@email.com
150,Pedro,Carrillo,3044567890,pedro.carrillo@email.com
151,Rafael,Castaño,3057890123,rafael.castaño@email.com
152,Ricardo,Cifuentes,3022345678,ricardo.cifuentes@email.com
153,Roberto,Correa,3035678901,roberto.correa@email.com
154,Samuel,Cuervo,3068901234,samuel.cuervo@email.com
155,Santiago,Díaz,3081234567,santiago.diaz@email.com
156,Sara,Escobar,3104567890,sara.escobar@email.com
157,Sebastián,Escobar,3157890123,sebastian.escobar@email.com
158,Sergio,Espinosa,3122345678,sergio.espinosa@email.com
159,Simón,Estrada,3005678901,simon.estrada@email.com
160,Tomás,Echeverri,3018901234,tomas.echeverri@email.com
161,Valentina,Fernández,3042345678,valentina.fernandez@email.com
162,Víctor,Franco,3055678901,victor.franco@email.com
163,Wilmar,Fuentes,3028901234,wilmar.fuentes@email.com
164,Wilson,Gallego,3031234567,wilson.gallego@email.com
165,Yair,García,3064567890,yair.garcia@email.com
166,Yorman,Giraldo,3087890123,yorman.giraldo@email.com
167,Adrián,Gómez,3102345678,adrian.gomez@email.com
168,Alejandro,Guerrero,3155678901,alejandro.guerrero@email.com
169,Andrés,Gutiérrez,3128901234,andres.gutierrez@email.com
170,Andrea,Henao,3001234567,andrea.henao@email.com
171,Carlos,Herrera,3014567890,carlos.herrera@email.com
172,Cristian,Hoyos,3047890123,cristian.hoyos@email.com
173,Daniel,Jaramillo,3052345678,daniel.jaramillo@email.com
174,David,Jiménez,3025678901,david.jimenez@email.com
175,Diego,López,3038901234,diego.lopez@email.com
176,Eduardo,Londoño,3061234567,eduardo.londono@email.com
177,Emilio,Macías,3084567890,emilio.macias@email.com
178,Esteban,Marín,3107890123,esteban.marin@email.com
179,Felipe,Méndez,3152345678,felipe.mendez@email.com
180,Fernando,Mora,3125678901,fernando.mora@email.com
181,Gabriela,Montoya,3008901234,gabriela.montoya@email.com
182,Germán,Moreno,3011234567,german.moreno@email.com
183,Gustavo,Muñoz,3044567890,gustavo.muñoz@email.com
184,Guillermo,Navarro,3057890123,guillermo.navarro@email.com
185,Héctor,Ochoa,3022345678,hector.ochoa@email.com
186,Iván,Ortega,3035678901,ivan.ortega@email.com
187,Jaime,Ortiz,3068901234,jaime.ortiz@email.com
188,Javier,Ospina,3081234567,javier.ospina@email.com
189,Jerónimo,Palacios,3104567890,jeronimo.palacios@email.com
190,Juan,Piedrahita,3157890123,juan.piedrahita@email.com
191,Julian,Parra,3122345678,julian.parra@email.com
192,Laura,Quintero,3005678901,laura.quintero@email.com
193,Luis,Ramírez,3018901234,luis.ramirez@email.com
194,Manuel,Rico,3042345678,manuel.rico@email.com
195,Marco,Rivera,3055678901,marco.rivera@email.com
196,Mario,Rojas,3028901234,mario.rojas@email.com
197,Mauricio,Romero,3031234567,mauricio.romero@email.com
198,Miguel,Sánchez,3064567890,miguel.sanchez@email.com
199,Nicolás,Sierra,3087890123,nicolas.sierra@email.com
200,Óscar,Suárez,3102345678,oscar.suarez@email.com
201,Pablo,Tobón,3155678901,pablo.tobon@email.com
202,Pedro,Torres,3128901234,pedro.torres@email.com
203,Natalia,Urrego,3001234567,natalia.urrego@email.com
204,Rafael,Vargas,3014567890,rafael.vargas@email.com
205,Ricardo,Vélez,3047890123,ricardo.velez@email.com
206,Roberto,Villalobos,3052345678,roberto.villalobos@email.com
207,Santiago,Yepes,3025678901,santiago.yepes@email.com
208,Sebastián,Zúñiga,3038901234,sebastian.zuniga@email.com
209,Sergio,Abad,3061234567,sergio.abad@email.com
210,Simón,Acevedo,3084567890,simon.acevedo@email.com
211,Tomás,Acosta,3107890123,tomas.acosta@email.com
212,Víctor,Agudelo,3152345678,victor.agudelo@email.com
213,Wilmar,Aguirre,3125678901,wilmar.aguirre@email.com
214,Wilmer,Alzate,3008901234,wilmer.alzate@email.com
215,Alejandra,Álvarez,3011234567,alejandra.alvarez@email.com
216,Yair,Arango,3044567890,yair.arango@email.com
217,Adrián,Aristizábal,3057890123,adrian.aristizabal@email.com
218,Alfonso,Barrera,3022345678,alfonso.barrera@email.com
219,Andrés,Benítez,3035678901,andres.benitez@email.com
220,Camilo,Bernal,3068901234,camilo.bernal@email.com
221,Carlos,Botero,3081234567,carlos.botero@email.com
222,Cristian,Buitrago,3104567890,cristian.buitrago@email.com
223,Daniel,Cadavid,3157890123,daniel.cadavid@email.com
224,David,Caicedo,3122345678,david.caicedo@email.com
225,Diego,Cárdenas,3005678901,diego.cardenas@email.com
226,Dora,Gómez,3018901234,dora.gomez@email.com
227,Eduardo,Carrillo,3042345678,eduardo.carrillo@email.com
228,Emilio,Castaño,3055678901,emilio.castaño@email.com
229,Esteban,Cifuentes,3028901234,esteban.cifuentes@email.com
230,Fabio,Correa,3031234567,fabio.correa@email.com
231,Fernando,Cuervo,3064567890,fernando.cuervo@email.com
232,Fidel,Díaz,3087890123,fidel.diaz@email.com
233,Francisco,Escobar,3102345678,francisco.escobar@email.com
234,Gabriel,Espinosa,3155678901,gabriel.espinosa@email.com
235,Germán,Franco,3128901234,german.franco@email.com
236,Gloria,Gallego,3001234567,gloria.gallego@email.com
237,Gustavo,García,3014567890,gustavo.garcia@email.com
238,Guillermo,Giraldo,3047890123,guillermo.giraldo@email.com
239,Héctor,Gómez,3052345678,hector.gomez@email.com
240,Iván,Guerrero,3025678901,ivan.guerrero@email.com
241,Jaime,Gutiérrez,3038901234,jaime.gutierrez@email.com
242,Javier,Henao,3061234567,javier.henao@email.com
243,Jerónimo,Hernández,3084567890,jeronimo.hernandez@email.com
244,John,Hoyos,3107890123,john.hoyos@email.com
245,Jorge,Jaramillo,3152345678,jorge.jaramillo@email.com
246,José,Jiménez,3125678901,jose.jimenez@email.com
247,Julián,López,3008901234,julian.lopez@email.com
248,Johana,Londoño,3011234567,johana.londono@email.com
249,Luis,Macías,3044567890,luis.macias@email.com
250,Manuel,Marín,3057890123,manuel.marin@email.com
251,Mario,Méndez,3022345678,mario.mendez@email.com
252,Mauricio,Mora,3035678901,mauricio.mora@email.com
253,Miguel,Montoya,3068901234,miguel.montoya@email.com
254,Nicolás,Moreno,3081234567,nicolas.moreno@email.com
255,Óscar,Muñoz,3104567890,oscar.muñoz@email.com
256,Pablo,Navarro,3157890123,pablo.navarro@email.com
257,Patricia,Ochoa,3122345678,patricia.ochoa@email.com
258,Pedro,Ospina,3005678901,pedro.ospina@email.com
259,Rafael,Orozco,3018901234,rafael.orozco@email.com
260,Ricardo,Ortega,3042345678,ricardo.ortega@email.com
261,Roberto,Ortiz,3055678901,roberto.ortiz@email.com
262,Santiago,Palacios,3028901234,santiago.palacios@email.com
263,Sebastián,Páez,3031234567,sebastian.paez@email.com
264,Sergio,Pardo,3064567890,sergio.pardo@email.com
265,Simón,Peña,3087890123,simon.peña@email.com
266,Tomás,Piedrahita,3102345678,tomas.piedrahita@email.com
267,Valeria,Pérez,3155678901,valeria.perez@email.com
268,Víctor,Quiñones,3128901234,victor.quiñones@email.com
269,William,Quintero,3001234567,william.quintero@email.com
270,Wilson,Ramírez,3014567890,wilson.ramirez@email.com
271,Yair,Rico,3047890123,yair.rico@email.com
272,Yorman,Ríos,3052345678,yorman.rios@email.com
273,Adrián,Rivera,3025678901,adrian.rivera@email.com
274,Alejandro,Rojas,3038901234,alejandro.rojas@email.com
275,Ana,Restrepo,3061234567,ana.restrepo@email.com
276,Andrés,Romero,3084567890,andres.romero@email.com
277,Camilo,Ruiz,3107890123,camilo.ruiz@email.com
278,Carlos,Sánchez,3152345678,carlos.sanchez@email.com
279,Cristian,Sierra,3125678901,cristian.sierra@email.com
280,Daniel,Silva,3008901234,daniel.silva@email.com
281,David,Soto,3011234567,david.soto@email.com
282,Diego,Suárez,3044567890,diego.suarez@email.com
283,Eduardo,Tabares,3057890123,eduardo.tabares@email.com
284,Emilio,Tobón,3022345678,emilio.tobon@email.com
285,Esteban,Toro,3035678901,esteban.toro@email.com
286,Laura,Torres,3068901234,laura.torres@email.com
287,Fabio,Urrego,3081234567,fabio.urrego@email.com
288,Fernando,Vallejo,3104567890,fernando.vallejo@email.com
289,Fidel,Vargas,3157890123,fidel.vargas@email.com
290,Francisco,Vásquez,3122345678,francisco.vasquez@email.com
291,Gabriel,Velasco,3005678901,gabriel.velasco@email.com
292,Germán,Vélez,3018901234,german.velez@email.com
293,Gustavo,Villalobos,3042345678,gustavo.villalobos@email.com
294,Guillermo,Yepes,3055678901,guillermo.yepes@email.com
295,Héctor,Zúñiga,3028901234,hector.zuniga@email.com
296,Iván,Agudelo,3031234567,ivan.agudelo@email.com
297,Jaime,Aguirre,3064567890,jaime.aguirre@email.com
298,Javier,Alzate,3087890123,javier.alzate@email.com
299,Jerónimo,Arango,3102345678,jeronimo.arango@email.com
300,Juan,Aristizábal,3155678901,juan.aristizabal@email.com
301,Juliana,Barrera,3128901234,juliana.barrera@email.com
302,Luis,Benítez,3001234567,luis.benitez@email.com
303,Manuel,Bernal,3014567890,manuel.bernal@email.com
304,Marco,Botero,3047890123,marco.botero@email.com
305,Mario,Buitrago,3052345678,mario.buitrago@email.com
306,Mauricio,Cadavid,3025678901,mauricio.cadavid@email.com
307,Miguel,Caicedo,3038901234,miguel.caicedo@email.com
308,Nicolás,Cárdenas,3061234567,nicolas.cardenas@email.com
309,Óscar,Carrillo,3084567890,oscar.carrillo@email.com
310,Pablo,Castaño,3107890123,pablo.castaño@email.com
311,Pedro,Cifuentes,3152345678,pedro.cifuentes@email.com
312,Paola,Correa,3125678901,paola.correa@email.com
313,Rafael,Cuervo,3008901234,rafael.cuervo@email.com
314,Ricardo,Díaz,3011234567,ricardo.diaz@email.com
315,Roberto,Espinosa,3044567890,roberto.espinosa@email.com
316,Samuel,Franco,3057890123,samuel.franco@email.com
317,Santiago,García,3022345678,santiago.garcia@email.com
318,Sebastián,Giraldo,3035678901,sebastian.giraldo@email.com
319,Sergio,Gómez,3068901234,sergio.gomez@email.com
320,Simón,Guerrero,3081234567,simon.guerrero@email.com
321,Tomás,Gutiérrez,3104567890,tomas.gutierrez@email.com
322,Úrsula,Hoyos,3157890123,ursula.hoyos@email.com
323,Víctor,Jaramillo,3122345678,victor.jaramillo@email.com
324,William,Jiménez,3005678901,william.jimenez@email.com
325,Wilmer,López,3018901234,wilmer.lopez@email.com
326,Yair,Londoño,3042345678,yair.londono@email.com
327,Yorman,Macías,3055678901,yorman.macias@email.com
328,Adrián,Marín,3028901234,adrian.marin@email.com
329,Alfonso,Méndez,3031234567,alfonso.mendez@email.com
330,Andrés,Mora,3064567890,andres.mora@email.com
331,Camilo,Montoya,3087890123,camilo.montoya@email.com
332,Carlos,Moreno,3102345678,carlos.moreno@email.com
333,Carolina,Muñoz,3155678901,carolina.muñoz@email.com
334,Cristian,Navarro,3128901234,cristian.navarro@email.com
335,Daniel,Ochoa,3001234567,daniel.ochoa@email.com
336,David,Orozco,3014567890,david.orozco@email.com
337,Diego,Ortega,3047890123,diego.ortega@email.com
338,Eduardo,Ortiz,3052345678,eduardo.ortiz@email.com
339,Emilio,Palacios,3025678901,emilio.palacios@email.com
340,Esteban,Páez,3038901234,esteban.paez@email.com
341,Fabio,Pardo,3061234567,fabio.pardo@email.com
342,Fernando,Peña,3084567890,fernando.peña@email.com
343,Fidel,Piedrahita,3107890123,fidel.piedrahita@email.com
344,Francisco,Pérez,3152345678,francisco.perez@email.com
345,Gabriela,Quiñones,3125678901,gabriela.quiñones@email.com
346,Germán,Quintero,3008901234,german.quintero@email.com
347,Gustavo,Ramírez,3011234567,gustavo.ramirez@email.com
348,Guillermo,Rico,3044567890,guillermo.rico@email.com
349,Héctor,Ríos,3057890123,hector.rios@email.com
350,Iván,Rivera,3022345678,ivan.rivera@email.com
351,Jaime,Rojas,3035678901,jaime.rojas@email.com
352,Javier,Romero,3068901234,javier.romero@email.com
353,Jerónimo,Ruiz,3081234567,jeronimo.ruiz@email.com
354,John,Sánchez,3104567890,john.sanchez@email.com
355,Jorge,Sierra,3157890123,jorge.sierra@email.com
356,José,Silva,3122345678,jose.silva@email.com
357,Julián,Soto,3005678901,julian.soto@email.com
358,Juliana,Suárez,3018901234,juliana.suarez@email.com
359,Luis,Tabares,3042345678,luis.tabares@email.com
360,Manuel,Tobón,3055678901,manuel.tobon@email.com
361,Marco,Toro,3028901234,marco.toro@email.com
362,Mario,Torres,3031234567,mario.torres@email.com
363,Mauricio,Urrego,3064567890,mauricio.urrego@email.com
364,Miguel,Vallejo,3087890123,miguel.vallejo@email.com
365,Nicolás,Vargas,3102345678,nicolas.vargas@email.com
366,Óscar,Vásquez,3155678901,oscar.vasquez@email.com
367,Paola,Velasco,3128901234,paola.velasco@email.com
368,Pablo,Vélez,3001234567,pablo.velez@email.com
369,Pedro,Villalobos,3014567890,pedro.villalobos@email.com
370,Rafael,Yepes,3047890123,rafael.yepes@email.com
371,Ricardo,Zúñiga,3052345678,ricardo.zuniga@email.com
372,Roberto,Abad,3025678901,roberto.abad@email.com
373,Rosa,Acevedo,3038901234,rosa.acevedo@email.com
374,Santiago,Acosta,3061234567,santiago.acosta@email.com
375,Sebastián,Agudelo,3084567890,sebastian.agudelo@email.com
376,Sergio,Aguirre,3107890123,sergio.aguirre@email.com
377,Simón,Alzate,3152345678,simon.alzate@email.com
378,Tomás,Arango,3125678901,tomas.arango@email.com
379,Víctor,Aristizábal,3008901234,victor.aristizabal@email.com
380,Wilmar,Barrera,3011234567,wilmar.barrera@email.com
381,Wilson,Benítez,3044567890,wilson.benitez@email.com
382,Yair,Bernal,3057890123,yair.bernal@email.com
383,Yorman,Botero,3022345678,yorman.botero@email.com
384,Adrián,Buitrago,3035678901,adrian.buitrago@email.com
385,Alfonso,Cadavid,3068901234,alfonso.cadavid@email.com
386,Amalia,Caicedo,3081234567,amalia.caicedo@email.com
387,Andrés,Cárdenas,3104567890,andres.cardenas@email.com
388,Camilo,Carrillo,3157890123,camilo.carrillo@email.com
389,Carlos,Castaño,3122345678,carlos.castaño@email.com
390,Cristian,Cifuentes,3005678901,cristian.cifuentes@email.com
391,Daniel,Correa,3018901234,daniel.correa@email.com
392,David,Cuervo,3042345678,david.cuervo@email.com
393,Diego,Díaz,3055678901,diego.diaz@email.com
394,Eduardo,Escobar,3028901234,eduardo.escobar@email.com
395,Emilio,Espinosa,3031234567,emilio.espinosa@email.com
396,Esteban,Franco,3064567890,esteban.franco@email.com
397,Fabio,Gallego,3087890123,fabio.gallego@email.com
398,Fernando,García,3102345678,fernando.garcia@email.com
399,Fidel,Giraldo,3155678901,fidel.giraldo@email.com
400,Francisco,Gómez,3128901234,francisco.gomez@email.com
401,Gloria,Gómez,3011234567,gloria.gomez@email.com
402,Gustavo,Gutiérrez,3044567890,gustavo.gutierrez@email.com
403,Guillermo,Henao,3057890123,guillermo.henao@email.com
404,Héctor,Hernández,3022345678,hector.hernandez@email.com
405,Iván,Hoyos,3035678901,ivan.hoyos@email.com
406,Jaime,Jaramillo,3068901234,jaime.jaramillo@email.com
407,Javier,Jiménez,3081234567,javier.jimenez@email.com
408,Jerónimo,López,3104567890,jeronimo.lopez@email.com
409,John,Londoño,3157890123,john.londono@email.com
410,Jorge,Macías,3122345678,jorge.macias@email.com
411,José,Marín,3005678901,jose.marin@email.com
412,Julián,Méndez,3018901234,julian.mendez@email.com
413,Kamilo,Mora,3042345678,kamilo.mora@email.com
414,Karla,Montoya,3055678901,karla.montoya@email.com
415,Luis,Moreno,3028901234,luis.moreno@email.com
416,Manuel,Muñoz,3031234567,manuel.muñoz@email.com
417,Marco,Navarro,3064567890,marco.navarro@email.com
418,Mario,Ochoa,3087890123,mario.ochoa@email.com
419,Mauricio,Orozco,3102345678,mauricio.orozco@email.com
420,Miguel,Ortega,3155678901,miguel.ortega@email.com
421,Nicolás,Ortiz,3128901234,nicolas.ortiz@email.com
422,Óscar,Ospina,3001234567,oscar.ospina@email.com
423,Pablo,Palacios,3014567890,pablo.palacios@email.com
424,Pedro,Páez,3047890123,pedro.paez@email.com
425,Rafael,Pardo,3052345678,rafael.pardo@email.com
426,Ricardo,Peña,3025678901,ricardo.peña@email.com
427,Roberto,Piedrahita,3038901234,roberto.piedrahita@email.com
428,Samuel,Pérez,3061234567,samuel.perez@email.com
429,Santiago,Quiñones,3084567890,santiago.quiñones@email.com
430,Sebastián,Quintero,3107890123,sebastian.quintero@email.com
431,Sergio,Ramírez,3152345678,sergio.ramirez@email.com
432,Simón,Rico,3125678901,simon.rico@email.com
433,Tomás,Ríos,3008901234,tomas.rios@email.com
434,Úrsula,Rivera,3011234567,ursula.rivera@email.com
435,Víctor,Rojas,3044567890,victor.rojas@email.com
436,William,Romero,3057890123,william.romero@email.com
437,Wilmer,Ruiz,3022345678,wilmer.ruiz@email.com
438,Yair,Sánchez,3035678901,yair.sanchez@email.com
439,Yorman,Sierra,3068901234,yorman.sierra@email.com
440,Adrián,Silva,3081234567,adrian.silva@email.com
441,Alfonso,Soto,3104567890,alfonso.soto@email.com
442,Amalia,Suárez,3157890123,amalia.suarez@email.com
443,Andrés,Tabares,3122345678,andres.tabares@email.com
444,Camilo,Tobón,3005678901,camilo.tobon@email.com
445,Carlos,Toro,3018901234,carlos.toro@email.com
446,Cristian,Torres,3042345678,cristian.torres@email.com
447,Daniel,Urrego,3055678901,daniel.urrego@email.com
448,David,Vallejo,3028901234,david.vallejo@email.com
449,Diego,Vargas,3031234567,diego.vargas@email.com
450,Eduardo,Vásquez,3064567890,eduardo.vasquez@email.com
451,Emilio,Velasco,3087890123,emilio.velasco@email.com
452,Esteban,Vélez,3102345678,esteban.velez@email.com
453,Fabio,Villalobos,3155678901,fabio.villalobos@email.com
454,Fernando,Yepes,3128901234,fernando.yepes@email.com
455,Florencia,Zúñiga,3001234567,florencia.zuniga@email.com
456,Fidel,Abad,3014567890,fidel.abad@email.com
457,Francisco,Acevedo,3047890123,francisco.acevedo@email.com
458,Gabriel,Acosta,3052345678,gabriel.acosta@email.com
459,Germán,Agudelo,3025678901,german.agudelo@email.com
460,Gustavo,Aguirre,3038901234,gustavo.aguirre@email.com
461,Guillermo,Alzate,3061234567,guillermo.alzate@email.com
462,Héctor,Arango,3084567890,hector.arango@email.com
463,Iván,Aristizábal,3107890123,ivan.aristizabal@email.com
464,Jaime,Barrera,3152345678,jaime.barrera@email.com
465,Javier,Benítez,3125678901,javier.benitez@email.com
466,Jerónimo,Bernal,3008901234,jeronimo.bernal@email.com
467,Jessica,Botero,3011234567,jessica.botero@email.com
468,John,Buitrago,3044567890,john.buitrago@email.com
469,Jorge,Cadavid,3057890123,jorge.cadavid@email.com
470,José,Caicedo,3022345678,jose.caicedo@email.com
471,Julián,Cárdenas,3035678901,julian.cardenas@email.com
472,Luis,Carrillo,3068901234,luis.carrillo@email.com
473,Manuel,Castaño,3081234567,manuel.castaño@email.com
474,Marco,Cifuentes,3104567890,marco.cifuentes@email.com
475,Mario,Correa,3157890123,mario.correa@email.com
476,Mauricio,Cuervo,3122345678,mauricio.cuervo@email.com
477,Miguel,Díaz,3005678901,miguel.diaz@email.com
478,Nicolás,Escobar,3018901234,nicolas.escobar@email.com
479,Óscar,Espinosa,3042345678,oscar.espinosa@email.com
480,Pablo,Franco,3055678901,pablo.franco@email.com
481,Pedro,Gallego,3028901234,pedro.gallego@email.com
482,Rafael,García,3031234567,rafael.garcia@email.com
483,Ricardo,Giraldo,3064567890,ricardo.giraldo@email.com
484,Roberto,Gómez,3087890123,roberto.gomez@email.com
485,Samuel,Guerrero,3102345678,samuel.guerrero@email.com
486,Santiago,Gutiérrez,3155678901,santiago.gutierrez@email.com
487,Sebastián,Henao,3128901234,sebastian.henao@email.com
488,Sergio,Hernández,3001234567,sergio.hernandez@email.com
489,Simón,Hoyos,3014567890,simon.hoyos@email.com
490,Tomás,Jaramillo,3047890123,tomas.jaramillo@email.com
491,Úrsula,Jiménez,3052345678,ursula.jimenez@email.com
492,Víctor,López,3025678901,victor.lopez@email.com
493,William,Londoño,3038901234,william.londono@email.com
494,Wilmer,Macías,3061234567,wilmer.macias@email.com
495,Yair,Marín,3084567890,yair.marin@email.com
496,Yorman,Méndez,3107890123,yorman.mendez@email.com
497,Adrián,Mora,3152345678,adrian.mora@email.com
498,Alfonso,Montoya,3125678901,alfonso.montoya@email.com
499,Andrés,Moreno,3008901234,andres.moreno@email.com
500,Carolina,Muñoz,3011234567,carolina.muñoz@email.com
501,Carlos,Navarro,3044567890,carlos.navarro@email.com
502,Cristian,Ochoa,3057890123,cristian.ochoa@email.com
503,Daniel,Orozco,3022345678,daniel.orozco@email.com
504,David,Ortega,3035678901,david.ortega@email.com
505,Diego,Ortiz,3068901234,diego.ortiz@email.com
506,Eduardo,Ospina,3081234567,eduardo.ospina@email.com
507,Emilio,Palacios,3104567890,emilio.palacios@email.com
508,Esteban,Páez,3157890123,esteban.paez@email.com
509,Fabio,Pardo,3122345678,fabio.pardo@email.com
510,Fernando,Peña,3005678901,fernando.peña@email.com
511,Fidel,Piedrahita,3018901234,fidel.piedrahita@email.com
512,Francisco,Pérez,3042345678,francisco.perez@email.com
513,Paola,Quiñones,3055678901,paola.quiñones@email.com
514,Gabriel,Quintero,3028901234,gabriel.quintero@email.com
515,Germán,Ramírez,3031234567,german.ramirez@email.com
516,Gustavo,Rico,3064567890,gustavo.rico@email.com
517,Guillermo,Ríos,3087890123,guillermo.rios@email.com
518,Héctor,Rivera,3102345678,hector.rivera@email.com
519,Iván,Rojas,3155678901,ivan.rojas@email.com
520,Jaime,Romero,3128901234,jaime.romero@email.com
521,Javier,Ruiz,3001234567,javier.ruiz@email.com
522,Jerónimo,Sánchez,3014567890,jeronimo.sanchez@email.com
523,John,Sierra,3047890123,john.sierra@email.com
524,Jorge,Silva,3052345678,jorge.silva@email.com
525,José,Soto,3025678901,jose.soto@email.com
526,Julián,Suárez,3038901234,julian.suarez@email.com
527,Luis,Tabares,3061234567,luis.tabares@email.com
528,Manuel,Tobón,3084567890,manuel.tobon@email.com
529,Marco,Toro,3107890123,marco.toro@email.com
530,Mario,Torres,3152345678,mario.torres@email.com
531,Mauricio,Urrego,3125678901,mauricio.urrego@email.com
532,Miguel,Vallejo,3008901234,miguel.vallejo@email.com
533,Marta,Vargas,3011234567,marta.vargas@email.com
534,Nicolás,Vásquez,3044567890,nicolas.vasquez@email.com
535,Óscar,Velasco,3057890123,oscar.velasco@email.com
536,Pablo,Vélez,3028901234,pablo.velez@email.com
537,Pedro,Villalobos,3031234567,pedro.villalobos@email.com
538,Rafael,Yepes,3064567890,rafael.yepes@email.com
539,Ricardo,Zúñiga,3087890123,ricardo.zuniga@email.com
540,Roberto,Abad,3102345678,roberto.abad@email.com
541,Samuel,Acevedo,3155678901,samuel.acevedo@email.com
542,Santiago,Acosta,3128901234,santiago.acosta@email.com
543,Sebastián,Agudelo,3001234567,sebastian.agudelo@email.com
544,Sergio,Aguirre,3014567890,sergio.aguirre@email.com
545,Simón,Alzate,3047890123,simon.alzate@email.com
546,Tomás,Arango,3052345678,tomas.arango@email.com
547,Virginia,Aristizábal,3025678901,virginia.aristizabal@email.com
548,Víctor,Barrera,3038901234,victor.barrera@email.com
549,William,Benítez,3061234567,william.benitez@email.com
550,Wilmer,Bernal,3084567890,wilmer.bernal@email.com
551,Yair,Botero,3107890123,yair.botero@email.com
552,Yorman,Buitrago,3152345678,yorman.buitrago@email.com
553,Adrián,Cadavid,3125678901,adrian.cadavid@email.com
554,Alfonso,Caicedo,3008901234,alfonso.caicedo@email.com
555,Andrés,Cárdenas,3011234567,andres.cardenas@email.com
556,Camilo,Carrillo,3044567890,camilo.carrillo@email.com
557,Carlos,Castaño,3057890123,carlos.castaño@email.com
558,Cristian,Cifuentes,3022345678,cristian.cifuentes@email.com
559,Daniel,Correa,3035678901,daniel.correa@email.com
560,David,Cuervo,3068901234,david.cuervo@email.com
561,Diana,Díaz,3081234567,diana.diaz@email.com
562,Diego,Escobar,3104567890,diego.escobar@email.com
563,Eduardo,Espinosa,3157890123,eduardo.espinosa@email.com
564,Emilio,Franco,3122345678,emilio.franco@email.com
565,Esteban,Gallego,3005678901,esteban.gallego@email.com
566,Fabio,García,3018901234,fabio.garcia@email.com
567,Fernando,Giraldo,3042345678,fernando.giraldo@email.com
568,Fidel,Gómez,3055678901,fidel.gomez@email.com
569,Francisco,Guerrero,3028901234,francisco.guerrero@email.com
570,Gabriel,Gutiérrez,3031234567,gabriel.gutierrez@email.com
571,Germán,Henao,3064567890,german.henao@email.com
572,Gustavo,Hernández,3087890123,gustavo.hernandez@email.com
573,Guillermo,Hoyos,3102345678,guillermo.hoyos@email.com
574,Héctor,Jaramillo,3155678901,hector.jaramillo@email.com
575,Iván,Jiménez,3128901234,ivan.jimenez@email.com
576,Jaime,López,3001234567,jaime.lopez@email.com
577,Josefina,Londoño,3014567890,josefina.londono@email.com
578,Javier,Macías,3047890123,javier.macias@email.com
579,Jerónimo,Marín,3052345678,jeronimo.marin@email.com
580,John,Méndez,3025678901,john.mendez@email.com
581,Jorge,Mora,3038901234,jorge.mora@email.com
582,José,Montoya,3061234567,jose.montoya@email.com
583,Julián,Moreno,3084567890,julian.moreno@email.com
584,Luis,Muñoz,3107890123,luis.muñoz@email.com
585,Manuel,Navarro,3152345678,manuel.navarro@email.com
586,Marco,Ochoa,3125678901,marco.ochoa@email.com
587,Mario,Orozco,3008901234,mario.orozco@email.com
588,Mauricio,Ortega,3011234567,mauricio.ortega@email.com
589,Miguel,Ortiz,3044567890,miguel.ortiz@email.com
590,Natalia,Ospina,3057890123,natalia.ospina@email.com
591,Nicolás,Palacios,3022345678,nicolas.palacios@email.com
592,Óscar,Páez,3035678901,oscar.paez@email.com
593,Pablo,Pardo,3068901234,pablo.pardo@email.com
594,Pedro,Peña,3081234567,pedro.peña@email.com
595,Rafael,Piedrahita,3104567890,rafael.piedrahita@email.com
596,Ricardo,Pérez,3157890123,ricardo.perez@email.com
597,Roberto,Quiñones,3122345678,roberto.quiñones@email.com
598,Samuel,Quintero,3005678901,samuel.quintero@email.com
599,Santiago,Ramírez,3018901234,santiago.ramirez@email.com
600,Sebastián,Rico,3042345678,sebastian.rico@email.com
601,Sergio,Ríos,3055678901,sergio.rios@email.com
602,Simón,Rivera,3028901234,simon.rivera@email.com
603,Tomás,Rojas,3031234567,tomas.rojas@email.com
604,Valeria,Romero,3064567890,valeria.romero@email.com
605,Víctor,Ruiz,3087890123,victor.ruiz@email.com
606,William,Sánchez,3102345678,william.sanchez@email.com
607,Wilmer,Sierra,3155678901,wilmer.sierra@email.com
608,Yair,Silva,3128901234,yair.silva@email.com
609,Yorman,Soto,3001234567,yorman.soto@email.com
610,Adrián,Suárez,3014567890,adrian.suarez@email.com
611,Alfonso,Tabares,3047890123,alfonso.tabares@email.com
612,Andrés,Tobón,3052345678,andres.tobon@email.com
613,Camilo,Toro,3025678901,camilo.toro@email.com
614,Carlos,Torres,3038901234,carlos.torres@email.com
615,Cristian,Urrego,3061234567,cristian.urrego@email.com
616,Daniel,Vallejo,3084567890,daniel.vallejo@email.com
617,David,Vargas,3107890123,david.vargas@email.com
618,Diego,Vásquez,3152345678,diego.vasquez@email.com
619,Eduardo,Velasco,3125678901,eduardo.velasco@email.com
620,Emilio,Vélez,3008901234,emilio.velez@email.com
621,Esteban,Villalobos,3011234567,esteban.villalobos@email.com
622,Fabio,Yepes,3044567890,fabio.yepes@email.com
623,Fernando,Zúñiga,3057890123,fernando.zuniga@email.com
624,Fidel,Abad,3028901234,fidel.abad@email.com
625,Francisco,Acevedo,3031234567,francisco.acevedo@email.com
626,Gabriela,Acosta,3064567890,gabriela.acosta@email.com
627,Gabriel,Agudelo,3087890123,gabriel.agudelo@email.com
628,Germán,Aguirre,3102345678,german.aguirre@email.com
629,Gustavo,Alzate,3155678901,gustavo.alzate@email.com
630,Guillermo,Arango,3128901234,guillermo.arango@email.com
631,Héctor,Aristizábal,3001234567,hector.aristizabal@email.com
632,Iván,Barrera,3014567890,ivan.barrera@email.com
633,Jaime,Benítez,3047890123,jaime.benitez@email.com
634,Javier,Bernal,3052345678,javier.bernal@email.com
635,Jerónimo,Botero,3025678901,jeronimo.botero@email.com
636,John,Buitrago,3038901234,john.buitrago@email.com
637,Jorge,Cadavid,3061234567,jorge.cadavid@email.com
638,José,Caicedo,3084567890,jose.caicedo@email.com
639,Julián,Cárdenas,3107890123,julian.cardenas@email.com
640,Luis,Carrillo,3152345678,luis.carrillo@email.com
641,Magdalena,Castaño,3125678901,magdalena.castaño@email.com
642,Manuel,Cifuentes,3008901234,manuel.cifuentes@email.com
643,Marco,Correa,3011234567,marco.correa@email.com
644,Mario,Cuervo,3044567890,mario.cuervo@email.com
645,Mauricio,Díaz,3057890123,mauricio.diaz@email.com
646,Miguel,Escobar,3022345678,miguel.escobar@email.com
647,Nicolás,Espinosa,3035678901,nicolas.espinosa@email.com
648,Óscar,Franco,3068901234,oscar.franco@email.com
649,Pablo,Gallego,3081234567,pablo.gallego@email.com
650,Pedro,García,3104567890,pedro.garcia@email.com
651,Rafael,Giraldo,3157890123,rafael.giraldo@email.com
652,Ricardo,Gómez,3122345678,ricardo.gomez@email.com
653,Roberto,Guerrero,3005678901,roberto.guerrero@email.com
654,Samuel,Gutiérrez,3018901234,samuel.gutierrez@email.com
655,Santiago,Henao,3042345678,santiago.henao@email.com
656,Sebastián,Hernández,3055678901,sebastian.hernandez@email.com
657,Sergio,Hoyos,3028901234,sergio.hoyos@email.com
658,Simón,Jaramillo,3031234567,simon.jaramillo@email.com
659,Tomás,Jiménez,3064567890,tomas.jimenez@email.com
660,Víctor,López,3087890123,victor.lopez@email.com
661,William,Londoño,3102345678,william.londono@email.com
662,Wilmer,Macías,3155678901,wilmer.macias@email.com
663,Yair,Marín,3128901234,yair.marin@email.com
664,Yorman,Méndez,3001234567,yorman.mendez@email.com
665,Adrián,Mora,3014567890,adrian.mora@email.com
666,Alfonso,Montoya,3047890123,alfonso.montoya@email.com
667,Ángela,Moreno,3052345678,angela.moreno@email.com
668,Andrés,Muñoz,3025678901,andres.muñoz@email.com
669,Camilo,Navarro,3038901234,camilo.navarro@email.com
670,Carlos,Ochoa,3061234567,carlos.ochoa@email.com
671,Cristian,Orozco,3084567890,cristian.orozco@email.com
672,Daniel,Ortega,3107890123,daniel.ortega@email.com
673,David,Ortiz,3152345678,david.ortiz@email.com
674,Diego,Ospina,3125678901,diego.ospina@email.com
675,Eduardo,Palacios,3008901234,eduardo.palacios@email.com
676,Emilio,Páez,3011234567,emilio.paez@email.com
677,Esteban,Pardo,3044567890,esteban.pardo@email.com
678,Fabio,Peña,3057890123,fabio.peña@email.com
679,Fernando,Piedrahita,3022345678,fernando.piedrahita@email.com
680,Fidel,Pérez,3035678901,fidel.perez@email.com
681,Francisco,Quiñones,3068901234,francisco.quiñones@email.com
682,Gabriel,Quintero,3081234567,gabriel.quintero@email.com
683,Germán,Ramírez,3104567890,german.ramirez@email.com
684,Gustavo,Rico,3157890123,gustavo.rico@email.com
685,Guillermo,Ríos,3122345678,guillermo.rios@email.com
686,Héctor,Rivera,3005678901,hector.rivera@email.com
687,Iván,Rojas,3018901234,ivan.rojas@email.com
688,Jaime,Romero,3042345678,jaime.romero@email.com
689,Javier,Ruiz,3055678901,javier.ruiz@email.com
690,Jerónimo,Sánchez,3028901234,jeronimo.sanchez@email.com
691,Jimena,Sierra,3031234567,jimena.sierra@email.com
692,John,Silva,3064567890,john.silva@email.com
693,Jorge,Soto,3087890123,jorge.soto@email.com
694,José,Suárez,3102345678,jose.suarez@email.com
695,Julián,Tabares,3155678901,julian.tabares@email.com
696,Luis,Tobón,3128901234,luis.tobon@email.com
697,Manuel,Toro,3001234567,manuel.toro@email.com
698,Marco,Torres,3014567890,marco.torres@email.com
699,Mario,Urrego,3047890123,mario.urrego@email.com
700,Mauricio,Vallejo,3052345678,mauricio.vallejo@email.com
701,Miguel,Vargas,3025678901,miguel.vargas@email.com
702,Nicolás,Vásquez,3038901234,nicolas.vasquez@email.com
703,Óscar,Velasco,3061234567,oscar.velasco@email.com
704,Paola,Vélez,3084567890,paola.velez@email.com
705,Pablo,Villalobos,3107890123,pablo.villalobos@email.com
706,Pedro,Yepes,3152345678,pedro.yepes@email.com
707,Rafael,Zúñiga,3125678901,rafael.zuniga@email.com
708,Ricardo,Abad,3008901234,ricardo.abad@email.com
709,Roberto,Acevedo,3011234567,roberto.acevedo@email.com
710,Samuel,Acosta,3044567890,samuel.acosta@email.com
711,Santiago,Agudelo,3057890123,santiago.agudelo@email.com
712,Sebastián,Aguirre,3022345678,sebastian.aguirre@email.com
713,Sergio,Alzate,3035678901,sergio.alzate@email.com
714,Simón,Arango,3068901234,simon.arango@email.com
715,Tomás,Aristizábal,3081234567,tomas.aristizabal@email.com
716,Victoria,Barrera,3104567890,victoria.barrera@email.com
717,Víctor,Benítez,3157890123,victor.benitez@email.com
718,William,Bernal,3122345678,william.bernal@email.com
719,Wilmer,Botero,3005678901,wilmer.botero@email.com
720,Yair,Buitrago,3018901234,yair.buitrago@email.com
721,Yorman,Cadavid,3042345678,yorman.cadavid@email.com
722,Adrián,Caicedo,3055678901,adrian.caicedo@email.com
723,Alfonso,Cárdenas,3028901234,alfonso.cardenas@email.com
724,Andrés,Carrillo,3031234567,andres.carrillo@email.com
725,Camilo,Castaño,3064567890,camilo.castaño@email.com
726,Carlos,Cifuentes,3087890123,carlos.cifuentes@email.com
727,Cristian,Correa,3102345678,cristian.correa@email.com
728,Daniel,Cuervo,3155678901,daniel.cuervo@email.com
729,David,Díaz,3128901234,david.diaz@email.com
730,Débora,Escobar,3001234567,debora.escobar@email.com
731,Diego,Espinosa,3014567890,diego.espinosa@email.com
732,Eduardo,Franco,3047890123,eduardo.franco@email.com
733,Emilio,Gallego,3052345678,emilio.gallego@email.com
734,Esteban,García,3025678901,esteban.garcia@email.com
735,Fabio,Giraldo,3038901234,fabio.giraldo@email.com
736,Fernando,Gómez,3061234567,fernando.gomez@email.com
737,Fidel,Guerrero,3084567890,fidel.guerrero@email.com
738,Francisco,Gutiérrez,3107890123,francisco.gutierrez@email.com
739,Gabriel,Henao,3152345678,gabriel.henao@email.com
740,Germán,Hernández,3125678901,german.hernandez@email.com
741,Gustavo,Hoyos,3008901234,gustavo.hoyos@email.com
742,Guillermo,Jaramillo,3011234567,guillermo.jaramillo@email.com
743,Héctor,Jiménez,3044567890,hector.jimenez@email.com
744,Iván,López,3057890123,ivan.lopez@email.com
745,Jaime,Londoño,3022345678,jaime.londono@email.com
746,Javier,Macías,3035678901,javier.macías@email.com
747,Jerónimo,Marín,3068901234,jeronimo.marin@email.com
748,John,Méndez,3081234567,john.mendez@email.com
749,Jorge,Mora,3104567890,jorge.mora@email.com
750,José,Montoya,3157890123,jose.montoya@email.com
751,Julián,Moreno,3122345678,julian.moreno@email.com
752,Luis,Muñoz,3005678901,luis.muñoz@email.com
753,Mariana,Navarro,3018901234,mariana.navarro@email.com
754,Manuel,Ochoa,3042345678,manuel.ochoa@email.com
755,Marco,Orozco,3057890123,marco.orozco@email.com
756,Mario,Ortega,3022345678,mario.ortega@email.com
757,Mauricio,Ortiz,3035678901,mauricio.ortiz@email.com
758,Miguel,Ospina,3068901234,miguel.ospina@email.com
759,Nicolás,Palacios,3081234567,nicolas.palacios@email.com
760,Óscar,Páez,3104567890,oscar.paez@email.com
761,Pablo,Pardo,3157890123,pablo.pardo@email.com
762,Pedro,Peña,3122345678,pedro.peña@email.com
763,Rafael,Piedrahita,3005678901,rafael.piedrahita@email.com
764,Ricardo,Pérez,3018901234,ricardo.perez@email.com
765,Roberto,Quiñones,3042345678,roberto.quiñones@email.com
766,Samuel,Quintero,3057890123,samuel.quintero@email.com
767,Santiago,Ramírez,3022345678,santiago.ramirez@email.com
768,Sebastián,Rico,3035678901,sebastian.rico@email.com
769,Sergio,Ríos,3068901234,sergio.rios@email.com
770,Simón,Rivera,3081234567,simon.rivera@email.com
771,Tomás,Rojas,3104567890,tomas.rojas@email.com
772,Valeria,Romero,3157890123,valeria.romero@email.com
773,Víctor,Ruiz,3122345678,victor.ruiz@email.com
774,William,Sánchez,3005678901,william.sanchez@email.com
775,Wilmer,Sierra,3018901234,wilmer.sierra@email.com
776,Yair,Silva,3042345678,yair.silva@email.com
777,Yorman,Soto,3057890123,yorman.soto@email.com
778,Adrián,Suárez,3022345678,adrian.suarez@email.com
779,Alfonso,Tabares,3035678901,alfonso.tabares@email.com
780,Andrés,Tobón,3068901234,andres.tobon@email.com
781,Camilo,Toro,3081234567,camilo.toro@email.com
782,Carlos,Torres,3104567890,carlos.torres@email.com
783,Cristian,Urrego,3157890123,cristian.urrego@email.com
784,Daniel,Vallejo,3122345678,daniel.vallejo@email.com
785,David,Vargas,3005678901,david.vargas@email.com
786,Diego,Vásquez,3018901234,diego.vasquez@email.com
787,Eduardo,Velasco,3042345678,eduardo.velasco@email.com
788,Emilio,Vélez,3057890123,emilio.velez@email.com
789,Esteban,Villalobos,3022345678,esteban.villalobos@email.com
790,Fabio,Yepes,3035678901,fabio.yepes@email.com
791,Fernando,Zúñiga,3064567890,fernando.zuniga@email.com
792,Fidel,Abad,3087890123,fidel.abad@email.com
793,Francisco,Acevedo,3102345678,francisco.acevedo@email.com
794,Gabriel,Acosta,3155678901,gabriel.acosta@email.com
795,Germán,Agudelo,3128901234,german.agudelo@email.com
796,Guillermo,Aguirre,3001234567,guillermo.aguirre@email.com
797,Helena,Alzate,3014567890,helena.alzate@email.com
798,Héctor,Arango,3047890123,hector.arango@email.com
799,Iván,Aristizábal,3052345678,ivan.aristizabal@email.com
800,Jaime,Barrera,3025678901,jaime.barrera@email.com
801,Javier,Benítez,3035678901,javier.benitez@email.com
802,Jerónimo,Bernal,3068901234,jeronimo.bernal@email.com
803,John,Botero,3081234567,john.botero@email.com
804,Jorge,Buitrago,3104567890,jorge.buitrago@email.com
805,José,Cadavid,3157890123,jose.cadavid@email.com
806,Julián,Caicedo,3122345678,julian.caicedo@email.com
807,Karina,Cárdenas,3005678901,karina.cardenas@email.com
808,Luis,Carrillo,3018901234,luis.carrillo@email.com
809,Manuel,Castaño,3042345678,manuel.castaño@email.com
810,Marco,Cifuentes,3057890123,marco.cifuentes@email.com
811,Mario,Correa,3022345678,mario.correa@email.com
812,Mauricio,Cuervo,3035678901,mauricio.cuervo@email.com
813,Miguel,Díaz,3068901234,miguel.diaz@email.com
814,Nicolás,Escobar,3081234567,nicolas.escobar@email.com
815,Óscar,Espinosa,3104567890,oscar.espinosa@email.com
816,Pablo,Franco,3157890123,pablo.franco@email.com
817,Pedro,Gallego,3122345678,pedro.gallego@email.com
818,Rafael,García,3005678901,rafael.garcia@email.com
819,Ricardo,Giraldo,3018901234,ricardo.giraldo@email.com
820,Roberto,Gómez,3042345678,roberto.gomez@email.com
821,Samuel,Guerrero,3057890123,samuel.guerrero@email.com
822,Santiago,Gutiérrez,3022345678,santiago.gutierrez@email.com
823,Sebastián,Henao,3035678901,sebastian.henao@email.com
824,Sergio,Hernández,3068901234,sergio.hernandez@email.com
825,Simón,Hoyos,3081234567,simon.hoyos@email.com
826,Tomás,Jaramillo,3104567890,tomas.jaramillo@email.com
827,Valeria,Jiménez,3157890123,valeria.jimenez@email.com
828,Víctor,López,3122345678,victor.lopez@email.com
829,William,Londoño,3005678901,william.londono@email.com
830,Wilmer,Macías,3018901234,wilmer.macias@email.com
831,Yair,Marín,3042345678,yair.marin@email.com
832,Yorman,Méndez,3057890123,yorman.mendez@email.com
833,Adrián,Mora,3022345678,adrian.mora@email.com
834,Alfonso,Montoya,3035678901,alfonso.montoya@email.com
835,Andrés,Moreno,3068901234,andres.moreno@email.com
836,Camilo,Muñoz,3081234567,camilo.muñoz@email.com
837,Carlos,Navarro,3104567890,carlos.navarro@email.com
838,Catalina,Ochoa,3157890123,catalina.ochoa@email.com
839,Cristian,Orozco,3122345678,cristian.orozco@email.com
840,Daniel,Ortega,3005678901,daniel.ortega@email.com
841,David,Ortiz,3018901234,david.ortiz@email.com
842,Diego,Ospina,3042345678,diego.ospina@email.com
843,Eduardo,Palacios,3057890123,eduardo.palacios@email.com
844,Emilio,Páez,3022345678,emilio.paez@email.com
845,Esteban,Pardo,3035678901,esteban.pardo@email.com
846,Fabio,Peña,3068901234,fabio.peña@email.com
847,Fernando,Piedrahita,3081234567,fernando.piedrahita@email.com
848,Fidel,Pérez,3104567890,fidel.perez@email.com
849,Francisco,Quiñones,3157890123,francisco.quiñones@email.com
850,Gabriela,Quintero,3122345678,gabriela.quintero@email.com
851,Germán,Ramírez,3005678901,german.ramirez@email.com
852,Gustavo,Rico,3018901234,gustavo.rico@email.com
853,Guillermo,Ríos,3042345678,guillermo.rios@email.com
854,Héctor,Rivera,3057890123,hector.rivera@email.com
855,Iván,Rojas,3022345678,ivan.rojas@email.com
856,Jaime,Romero,3035678901,jaime.romero@email.com
857,Javier,Ruiz,3068901234,javier.ruiz@email.com
858,Jerónimo,Sánchez,3081234567,jeronimo.sanchez@email.com
859,John,Sierra,3104567890,john.sierra@email.com
860,Jorge,Silva,3157890123,jorge.silva@email.com
861,José,Soto,3122345678,jose.soto@email.com
862,Julián,Suárez,3005678901,julian.suarez@email.com
863,Luis,Tabares,3018901234,luis.tabares@email.com
864,Manuel,Tobón,3042345678,manuel.tobon@email.com
865,Marco,Toro,3057890123,marco.toro@email.com
866,Mario,Torres,3022345678,mario.torres@email.com
867,Mauricio,Urrego,3035678901,mauricio.urrego@email.com
868,Miguel,Vallejo,3068901234,miguel.vallejo@email.com
869,Nicolás,Vargas,3081234567,nicolas.vargas@email.com
870,Óscar,Vásquez,3104567890,oscar.vasquez@email.com
871,Paola,Velasco,3157890123,paola.velasco@email.com
872,Pablo,Vélez,3122345678,pablo.velez@email.com
873,Pedro,Villalobos,3005678901,pedro.villalobos@email.com
874,Rafael,Yepes,3018901234,rafael.yepes@email.com
875,Ricardo,Zúñiga,3042345678,ricardo.zuniga@email.com
876,Roberto,Abad,3057890123,roberto.abad@email.com
877,Samuel,Acevedo,3022345678,samuel.acevedo@email.com
878,Santiago,Acosta,3035678901,santiago.acosta@email.com
879,Sebastián,Agudelo,3068901234,sebastian.agudelo@email.com
880,Sergio,Aguirre,3081234567,sergio.aguirre@email.com
881,Silvia,Alzate,3104567890,silvia.alzate@email.com
882,Simón,Arango,3157890123,simon.arango@email.com
883,Tomás,Aristizábal,3122345678,tomas.aristizabal@email.com
884,Víctor,Barrera,3005678901,victor.barrera@email.com
885,William,Benítez,3018901234,william.benitez@email.com
886,Wilmer,Bernal,3042345678,wilmer.bernal@email.com
887,Yair,Botero,3057890123,yair.botero@email.com
888,Yorman,Buitrago,3022345678,yorman.buitrago@email.com
889,Adrián,Cadavid,3035678901,adrian.cadavid@email.com
890,Alfonso,Caicedo,3068901234,alfonso.caicedo@email.com
891,Andrés,Cárdenas,3081234567,andres.cardenas@email.com
892,Camilo,Carrillo,3104567890,camilo.carrillo@email.com
893,Carlos,Castaño,3157890123,carlos.castaño@email.com
894,Cristian,Cifuentes,3122345678,cristian.cifuentes@email.com
895,Daniel,Correa,3005678901,daniel.correa@email.com
896,David,Cuervo,3018901234,david.cuervo@email.com
897,Diego,Díaz,3042345678,diego.diaz@email.com
898,Eduardo,Escobar,3057890123,eduardo.escobar@email.com
899,Emilio,Espinosa,3022345678,emilio.espinosa@email.com
900,Esteban,Franco,3035678901,esteban.franco@email.com
901,Fabio,Gallego,3068901234,fabio.gallego@email.com
902,Fernando,García,3081234567,fernando.garcia@email.com
903,Fidel,Giraldo,3104567890,fidel.giraldo@email.com
904,Francisco,Gómez,3157890123,francisco.gomez@email.com
905,Gabriel,Guerrero,3122345678,gabriel.guerrero@email.com
906,Germán,Gutiérrez,3005678901,german.gutierrez@email.com
907,Gustavo,Henao,3018901234,gustavo.henao@email.com
908,Guillermo,Hernández,3042345678,guillermo.hernandez@email.com
909,Héctor,Hoyos,3057890123,hector.hoyos@email.com
910,Iván,Jaramillo,3022345678,ivan.jaramillo@email.com
911,Jaime,Jiménez,3035678901,jaime.jimenez@email.com
912,Javier,López,3068901234,javier.lopez@email.com
913,Jerónimo,Londoño,3081234567,jeronimo.londono@email.com
914,Julieta,Macías,3104567890,julieta.macias@email.com
915,John,Marín,3157890123,john.marin@email.com
916,Jorge,Méndez,3122345678,jorge.mendez@email.com
917,José,Mora,3005678901,jose.mora@email.com
918,Julián,Montoya,3018901234,julian.montoya@email.com
919,Luis,Moreno,3042345678,luis.moreno@email.com
920,Manuel,Muñoz,3057890123,manuel.muñoz@email.com
921,Marco,Navarro,3022345678,marco.navarro@email.com
922,Mario,Ochoa,3035678901,mario.ochoa@email.com
923,Mauricio,Orozco,3068901234,mauricio.orozco@email.com
924,Miguel,Ortega,3081234567,miguel.ortega@email.com
925,Natalia,Ortiz,3104567890,natalia.ortiz@email.com
926,Nicolás,Ospina,3157890123,nicolas.ospina@email.com
927,Óscar,Palacios,3122345678,oscar.palacios@email.com
928,Pablo,Páez,3005678901,pablo.paez@email.com
929,Pedro,Pardo,3018901234,pedro.pardo@email.com
930,Rafael,Peña,3042345678,rafael.peña@email.com
931,Ricardo,Piedrahita,3057890123,ricardo.piedrahita@email.com
932,Roberto,Pérez,3022345678,roberto.perez@email.com
933,Samuel,Quiñones,3035678901,samuel.quiñones@email.com
934,Santiago,Quintero,3068901234,santiago.quintero@email.com
935,Sebastián,Ramírez,3081234567,sebastian.ramirez@email.com
936,Sergio,Rico,3104567890,sergio.rico@email.com
937,Simón,Ríos,3157890123,simon.rios@email.com
938,Tomás,Rivera,3122345678,tomas.rivera@email.com
939,Valentina,Rojas,3005678901,valentina.rojas@email.com
940,Víctor,Romero,3018901234,victor.romero@email.com
941,William,Ruiz,3042345678,william.ruiz@email.com
942,Wilmer,Sánchez,3057890123,wilmer.sanchez@email.com
943,Yair,Sierra,3022345678,yair.sierra@email.com
944,Yorman,Silva,3035678901,yorman.silva@email.com
945,Adrián,Soto,3068901234,adrian.soto@email.com
946,Alfonso,Suárez,3081234567,alfonso.suarez@email.com
947,Andrés,Tabares,3104567890,andres.tabares@email.com
948,Camilo,Tobón,3157890123,camilo.tobon@email.com
949,Carlos,Toro,3122345678,carlos.toro@email.com
950,Cristian,Torres,3005678901,cristian.torres@email.com
951,Daniel,Urrego,3018901234,daniel.urrego@email.com
952,David,Vallejo,3042345678,david.vallejo@email.com
953,Diego,Vargas,3057890123,diego.vargas@email.com
954,Eduardo,Vásquez,3022345678,eduardo.vasquez@email.com
955,Eliana,Velasco,3035678901,eliana.velasco@email.com
956,Emilio,Vélez,3068901234,emilio.velez@email.com
957,Esteban,Villalobos,3081234567,esteban.villalobos@email.com
958,Fabio,Yepes,3104567890,fabio.yepes@email.com
959,Fernando,Zúñiga,3157890123,fernando.zuniga@email.com
960,Fidel,Abad,3122345678,fidel.abad@email.com
961,Francisco,Acevedo,3005678901,francisco.acevedo@email.com
962,Gabriel,Acosta,3018901234,gabriel.acosta@email.com
963,Germán,Agudelo,3042345678,german.agudelo@email.com
964,Gustavo,Aguirre,3057890123,gustavo.aguirre@email.com
965,Guillermo,Alzate,3022345678,guillermo.alzate@email.com
966,Héctor,Arango,3035678901,hector.arango@email.com
967,Iván,Aristizábal,3068901234,ivan.aristizabal@email.com
968,Jaime,Barrera,3081234567,jaime.barrera@email.com
969,Javier,Benítez,3104567890,javier.benitez@email.com
970,Jerónimo,Bernal,3157890123,jeronimo.bernal@email.com
971,John,Botero,3122345678,john.botero@email.com
972,Jorge,Buitrago,3005678901,jorge.buitrago@email.com
973,José,Cadavid,3018901234,jose.cadavid@email.com
974,Julián,Caicedo,3042345678,julian.caicedo@email.com
975,Lorena,Cárdenas,3057890123,lorena.cardenas@email.com
976,Luis,Carrillo,3022345678,luis.carrillo@email.com
977,Manuel,Castaño,3035678901,manuel.castaño@email.com
978,Marco,Cifuentes,3068901234,marco.cifuentes@email.com
979,Mario,Correa,3081234567,mario.correa@email.com
980,Mauricio,Cuervo,3104567890,mauricio.cuervo@email.com
981,Miguel,Díaz,3157890123,miguel.diaz@email.com
982,Nicolás,Escobar,3122345678,nicolas.escobar@email.com
983,Óscar,Espinosa,3005678901,oscar.espinosa@email.com
984,Pablo,Franco,3018901234,pablo.franco@email.com
985,Pedro,Gallego,3042345678,pedro.gallego@email.com
986,Rafael,García,3057890123,rafael.garcia@email.com
987,Ricardo,Giraldo,3022345678,ricardo.giraldo@email.com
988,Roberto,Gómez,3035678901,roberto.gomez@email.com
989,Samuel,Guerrero,3068901234,samuel.guerrero@email.com
990,Santiago,Gutiérrez,3081234567,santiago.gutierrez@email.com
991,Sebastián,Henao,3104567890,sebastian.henao@email.com
992,Sergio,Hernández,3157890123,sergio.hernandez@email.com
993,Simón,Hoyos,3122345678,simon.hoyos@email.com
994,Tomás,Jaramillo,3005678901,tomas.jaramillo@email.com
995,Víctor,Jiménez,3018901234,victor.jimenez@email.com
996,William,López,3042345678,william.lopez@email.com
997,Wilmer,Londoño,3057890123,wilmer.londono@email.com
998,Yair,Macías,3022345678,yair.macias@email.com
999,Yorman,Marín,3035678901,yorman.marin@email.com
1000,Adrián,Méndez,3068901234,adrian.mendez@email.com
1001,Alfonso,Mora,3081234567,alfonso.mora@email.com
1002,Andrés,Montoya,3104567890,andres.montoya@email.com
1003,Camilo,Moreno,3157890123,camilo.moreno@email.com
1004,Carlos,Muñoz,3122345678,carlos.muñoz@email.com
1005,Cristian,Navarro,3005678901,cristian.navarro@email.com
1006,Daniel,Ochoa,3018901234,daniel.ochoa@email.com
1007,David,Orozco,3042345678,david.orozco@email.com
1008,Diana,Ortega,3057890123,diana.ortega@email.com
1009,Diego,Ortiz,3022345678,diego.ortiz@email.com
1010,Eduardo,Ospina,3035678901,eduardo.ospina@email.com
1011,Emilio,Palacios,3068901234,emilio.palacios@email.com
1012,Esteban,Páez,3081234567,esteban.paez@email.com
1013,Fabio,Pardo,3104567890,fabio.pardo@email.com
1014,Fernando,Peña,3157890123,fernando.peña@email.com
1015,Fidel,Piedrahita,3122345678,fidel.piedrahita@email.com
1016,Francisco,Pérez,3005678901,francisco.perez@email.com
1017,Gabriel,Quiñones,3018901234,gabriel.quiñones@email.com
1018,Germán,Quintero,3042345678,german.quintero@email.com
1019,Gustavo,Ramírez,3057890123,gustavo.ramirez@email.com
1020,Guillermo,Rico,3022345678,guillermo.rico@email.com
1021,Héctor,Ríos,3035678901,hector.rios@email.com
1022,Iván,Rivera,3068901234,ivan.rivera@email.com
1023,Jaime,Rojas,3081234567,jaime.rojas@email.com
1024,Javier,Romero,3104567890,javier.romero@email.com
1025,Jerónimo,Ruiz,3157890123,jeronimo.ruiz@email.com
1026,John,Sánchez,3122345678,john.sanchez@email.com
1027,Jorge,Sierra,3005678901,jorge.sierra@email.com
1028,José,Silva,3018901234,jose.silva@email.com
1029,Julián,Soto,3042345678,julian.soto@email.com
1030,Luis,Suárez,3057890123,luis.suarez@email.com
1031,Manuel,Tabares,3022345678,manuel.tabares@email.com
1032,Marco,Tobón,3035678901,marco.tobon@email.com
1033,Mario,Toro,3068901234,mario.toro@email.com
1034,Mauricio,Torres,3081234567,mauricio.torres@email.com
1035,Miguel,Urrego,3104567890,miguel.urrego@email.com
1036,Nicolás,Vallejo,3157890123,nicolas.vallejo@email.com
1037,Óscar,Vargas,3122345678,oscar.vargas@email.com
1038,Pablo,Vásquez,3005678901,pablo.vasquez@email.com
1039,Pedro,Velasco,3018901234,pedro.velasco@email.com
1040,Rafael,Vélez,3042345678,rafael.velez@email.com
1041,Ricardo,Villalobos,3057890123,ricardo.villalobos@email.com
1042,Roberto,Yepes,3022345678,roberto.yepes@email.com
1043,Samuel,Zúñiga,3035678901,samuel.zuniga@email.com
1044,Santiago,Abad,3068901234,santiago.abad@email.com
1045,Sebastián,Acevedo,3081234567,sebastian.acevedo@email.com
1046,Sergio,Acosta,3104567890,sergio.acosta@email.com
1047,Simón,Agudelo,3157890123,simon.agudelo@email.com
1048,Tomás,Aguirre,3122345678,tomas.aguirre@email.com
1049,Víctor,Alzate,3005678901,victor.alzate@email.com
1050,William,Arango,3018901234,william.arango@email.com
1051,Wilmer,Aristizábal,3042345678,wilmer.aristizabal@email.com
1052,Yair,Barrera,3057890123,yair.barrera@email.com
1053,Yorman,Benítez,3022345678,yorman.benitez@email.com
1054,Adrián,Bernal,3035678901,adrian.bernal@email.com
1055,Alfonso,Botero,3068901234,alfonso.botero@email.com
1056,Andrés,Buitrago,3081234567,andres.buitrago@email.com
1057,Camilo,Cadavid,3104567890,camilo.cadavid@email.com
1058,Carlos,Caicedo,3157890123,carlos.caicedo@email.com
1059,Cristian,Cárdenas,3122345678,cristian.cardenas@email.com
1060,Daniel,Carrillo,3005678901,daniel.carrillo@email.com
1061,David,Castaño,3018901234,david.castaño@email.com
1062,Diego,Cifuentes,3042345678,diego.cifuentes@email.com
1063,Eduardo,Correa,3057890123,eduardo.correa@email.com
1064,Emilio,Cuervo,3022345678,emilio.cuervo@email.com
1065,Esteban,Díaz,3035678901,esteban.diaz@email.com
1066,Fabio,Escobar,3068901234,fabio.escobar@email.com
1067,Fernando,Espinosa,3081234567,fernando.espinosa@email.com
1068,Fidel,Franco,3104567890,fidel.franco@email.com
1069,Francisco,Gallego,3157890123,francisco.gallego@email.com
1070,Gabriel,García,3122345678,gabriel.garcia@email.com
1071,Germán,Giraldo,3005678901,german.giraldo@email.com
1072,Gustavo,Gómez,3018901234,gustavo.gomez@email.com
1073,Guillermo,Guerrero,3042345678,guillermo.guerrero@email.com
1074,Héctor,Gutiérrez,3057890123,hector.gutierrez@email.com
1075,Iván,Henao,3022345678,ivan.henao@email.com
1076,Jaime,Hernández,3035678901,jaime.hernandez@email.com
1077,Javier,Hoyos,3068901234,javier.hoyos@email.com
1078,Jerónimo,Jaramillo,3081234567,jeronimo.jaramillo@email.com
1079,John,Jiménez,3104567890,john.jimenez@email.com
1080,Jorge,López,3157890123,jorge.lopez@email.com
1081,José,Londoño,3122345678,jose.londono@email.com
1082,Julián,Macías,3005678901,julian.macias@email.com
1083,Luis,Marín,3018901234,luis.marin@email.com
1084,Manuel,Méndez,3042345678,manuel.mendez@email.com
1085,Marco,Mora,3057890123,marco.mora@email.com
1086,Mario,Montoya,3022345678,mario.montoya@email.com
1087,Mauricio,Moreno,3035678901,mauricio.moreno@email.com
1088,Miguel,Muñoz,3068901234,miguel.muñoz@email.com
1089,Natalia,Navarro,3081234567,natalia.navarro@email.com
1090,Nicolás,Ochoa,3104567890,nicolas.ochoa@email.com
1091,Óscar,Orozco,3157890123,oscar.orozco@email.com
1092,Pablo,Ortega,3122345678,pablo.ortega@email.com
1093,Pedro,Ortiz,3005678901,pedro.ortiz@email.com
1094,Rafael,Ospina,3018901234,rafael.ospina@email.com
1095,Ricardo,Palacios,3042345678,ricardo.palacios@email.com
1096,Roberto,Páez,3057890123,roberto.paez@email.com
1097,Samuel,Pardo,3022345678,samuel.pardo@email.com
1098,Santiago,Peña,3035678901,santiago.peña@email.com
1099,Sebastián,Piedrahita,3068901234,sebastian.piedrahita@email.com
1100,Sergio,Pérez,3081234567,sergio.perez@email.com
1101,Simón,Quiñones,3104567890,simon.quiñones@email.com
1102,Tomás,Quintero,3157890123,tomas.quintero@email.com
1103,Víctor,Ramírez,3122345678,victor.ramirez@email.com
1104,William,Rico,3005678901,william.rico@email.com
1105,Wilmer,Ríos,3018901234,wilmer.rios@email.com
1106,Yair,Rivera,3042345678,yair.rivera@email.com
1107,Yorman,Rojas,3057890123,yorman.rojas@email.com
1108,Adrián,Romero,3022345678,adrian.romero@email.com
1109,Alfonso,Ruiz,3035678901,alfonso.ruiz@email.com
1110,Andrés,Sánchez,3068901234,andres.sanchez@email.com
1111,Camilo,Sierra,3081234567,camilo.sierra@email.com
1112,Carlos,Silva,3104567890,carlos.silva@email.com
1113,Cristian,Soto,3157890123,cristian.soto@email.com
1114,Daniel,Suárez,3122345678,daniel.suarez@email.com
1115,David,Tabares,3005678901,david.tabares@email.com
1116,Diego,Tobón,3018901234,diego.tobon@email.com
1117,Eduardo,Toro,3042345678,eduardo.toro@email.com
1118,Emilio,Torres,3057890123,emilio.torres@email.com
1119,Esteban,Urrego,3022345678,esteban.urrego@email.com
1120,Fabio,Vallejo,3035678901,fabio.vallejo@email.com
1121,Fernando,Vargas,3068901234,fernando.vargas@email.com
1122,Fidel,Vásquez,3081234567,fidel.vasquez@email.com
1123,Francisco,Velasco,3104567890,francisco.velasco@email.com
1124,Gabriela,Vélez,3157890123,gabriela.velez@email.com
1125,Gabriel,Villalobos,3122345678,gabriel.villalobos@email.com
1126,Germán,Yepes,3005678901,german.yepes@email.com
1127,Gustavo,Zúñiga,3018901234,gustavo.zuniga@email.com
1128,Guillermo,Abad,3042345678,guillermo.abad@email.com
1129,Héctor,Acevedo,3057890123,hector.acevedo@email.com
1130,Iván,Acosta,3022345678,ivan.acosta@email.com
1131,Jaime,Agudelo,3035678901,jaime.agudelo@email.com
1132,Javier,Aguirre,3068901234,javier.aguirre@email.com
1133,Jerónimo,Alzate,3081234567,jeronimo.alzate@email.com
1134,John,Arango,3104567890,john.arango@email.com
1135,Jorge,Aristizábal,3157890123,jorge.aristizabal@email.com
1136,José,Barrera,3122345678,jose.barrera@email.com
1137,Julián,Benítez,3005678901,julian.benitez@email.com
1138,Luis,Bernal,3018901234,luis.bernal@email.com
1139,Manuel,Botero,3042345678,manuel.botero@email.com
1140,Marco,Buitrago,3057890123,marco.buitrago@email.com
1141,Mario,Cadavid,3022345678,mario.cadavid@email.com
1142,Mauricio,Caicedo,3035678901,mauricio.caicedo@email.com
1143,Miguel,Cárdenas,3068901234,miguel.cardenas@email.com
1144,Mónica,Carrillo,3081234567,monica.carrillo@email.com
1145,Nicolás,Castaño,3104567890,nicolas.castaño@email.com
1146,Óscar,Cifuentes,3157890123,oscar.cifuentes@email.com
1147,Pablo,Correa,3122345678,pablo.correa@email.com
1148,Pedro,Cuervo,3005678901,pedro.cuervo@email.com
1149,Rafael,Díaz,3018901234,rafael.diaz@email.com
1150,Ricardo,Escobar,3042345678,ricardo.escobar@email.com
1151,Roberto,Espinosa,3057890123,roberto.espinosa@email.com
1152,Samuel,Franco,3022345678,samuel.franco@email.com
1153,Santiago,Gallego,3035678901,santiago.gallego@email.com
1154,Sebastián,García,3068901234,sebastian.garcia@email.com
1155,Sergio,Giraldo,3081234567,sergio.giraldo@email.com
1156,Simón,Gómez,3104567890,simon.gomez@email.com
1157,Tomás,Guerrero,3157890123,tomas.guerrero@email.com
1158,Víctor,Gutiérrez,3122345678,victor.gutierrez@email.com
1159,William,Henao,3005678901,william.henao@email.com
1160,Wilmer,Hernández,3018901234,wilmer.hernandez@email.com
1161,Yair,Hoyos,3042345678,yair.hoyos@email.com
1162,Yorman,Jaramillo,3057890123,yorman.jaramillo@email.com
1163,Adrián,Jiménez,3022345678,adrian.jimenez@email.com
1164,Alfonso,López,3035678901,alfonso.lopez@email.com
1165,Andrés,Londoño,3068901234,andres.londono@email.com
1166,Camilo,Macías,3081234567,camilo.macias@email.com
1167,Carlos,Marín,3104567890,carlos.marin@email.com
1168,Cristian,Méndez,3157890123,cristian.mendez@email.com
1169,Daniel,Mora,3122345678,daniel.mora@email.com
1170,David,Montoya,3005678901,david.montoya@email.com
1171,Diego,Moreno,3018901234,diego.moreno@email.com
1172,Eduardo,Muñoz,3042345678,eduardo.muñoz@email.com
1173,Emilio,Navarro,3057890123,emilio.navarro@email.com
1174,Esteban,Ochoa,3022345678,esteban.ochoa@email.com
1175,Fabio,Orozco,3035678901,fabio.orozco@email.com
1176,Fernando,Ortega,3068901234,fernando.ortega@email.com
1177,Fidel,Ortiz,3081234567,fidel.ortiz@email.com
1178,Francisco,Ospina,3104567890,francisco.ospina@email.com
1179,Gabriel,Palacios,3157890123,gabriel.palacios@email.com
1180,Germán,Páez,3122345678,german.paez@email.com
1181,Gustavo,Pardo,3005678901,gustavo.pardo@email.com
1182,Guillermo,Peña,3018901234,guillermo.peña@email.com
1183,Héctor,Piedrahita,3042345678,hector.piedrahita@email.com
1184,Iván,Pérez,3057890123,ivan.perez@email.com
1185,Jaime,Quiñones,3022345678,jaime.quiñones@email.com
1186,Javier,Quintero,3035678901,javier.quintero@email.com
1187,Jerónimo,Ramírez,3068901234,jeronimo.ramirez@email.com
1188,John,Rico,3081234567,john.rico@email.com
1189,Jorge,Ríos,3104567890,jorge.rios@email.com
1190,José,Rivera,3157890123,jose.rivera@email.com
1191,Julián,Rojas,3122345678,julian.rojas@email.com
1192,Luis,Romero,3005678901,luis.romero@email.com
1193,Manuel,Ruiz,3018901234,manuel.ruiz@email.com
1194,Marco,Sánchez,3042345678,marco.sanchez@email.com
1195,Mario,Sierra,3057890123,mario.sierra@email.com
1196,Mauricio,Silva,3022345678,mauricio.silva@email.com
1197,Miguel,Soto,3035678901,miguel.soto@email.com
1198,Nicolás,Suárez,3068901234,nicolas.suarez@email.com
1199,Óscar,Tabares,3081234567,oscar.tabares@email.com
1200,Pablo,Tobón,3104567890,pablo.tobon@email.com